{
  "PRAPOR": [
    "Debut",
    "Background Check",
    "Shootout Picnic",
    "Search Mission",
    "Big Customer",
    "Forge a Friendship",
    "BP Depot",
    "Bad Rep Evidence",
    "Shaking Up the Teller",
    [
      "The Punisher - Part 1",
      "The Punisher - Part 2",
      "The Punisher - Part 3",
      "The Punisher - Part 4",
      "The Punisher - Part 5",
      "The Punisher - Part 6"
    ],
    "Luxurious Life",
    "Delivery From the Past",
    "Polikhim Hobo",
    "Ice Cream Cones",
    "Possessor",
    "Documents",
    "No Place for Renegades",
    ["The Bunker - Part 1", "The Bunker - Part 2"],
    "Anesthesia",
    "Shooting Cans",
    "Stick in the Wheel",
    ["Shipping Delay - Part 1", "A Helping Hand"],
    "Reconnaissance",
    "Youve Got Mail",
    "Green Corridor",
    "Viewer",
    ["Glory to CPSU - Part 1", "Glory to CPSU - Part 2"],
    "Properties All Around",
    "Half-Empty",
    "Special Comms",
    "Grenadier",
    "Kings of the Rooftops",
    ["Easy Job - Part 1", "Easy Job - Part 2"],
    "Belka and Strelka",
    "Capturing Outposts",
    "Intimidator",
    "Best Job in the World",
    [
      "Gendarmerie - Mall Cop",
      "Gendarmerie - Tickets Please",
      "Gendarmerie - District Patrol"
    ],
    "Our Own Land",
    ["The Good Times - Part 1", "The Good Times - Part 2"],
    "Escort",
    ["Hell on Earth - Part 1", "Hell on Earth - Part 2"],
    "Regulated Materials",
    [
      "Test Drive - Part 1",
      "Test Drive - Part 2",
      "Test Drive - Part 3",
      "Test Drive - Part 4",
      "Test Drive - Part 5",
      "Test Drive - Part 6"
    ]
  ],
  "THERAPIST": [
    "Closer to the People",
    "Pharmacist",
    "Supply Plans",
    "All Is Revealed",
    ["Operation Aquarius - Part 1", "Operation Aquarius - Part 2"],
    "First in Line",
    "General Wares",
    "Population Census",
    "Car Repair",
    "Abandoned Cargo",
    "Shortage",
    ["Sanitary Standards - Part 1", "Sanitary Standards - Part 2"],
    "Lost Contact",
    "Seaside Vacation",
    "Painkiller",
    ["Thirsty - Echo", "Thirsty - Secrets"],
    "Dangerous Road",
    "An Apple a Day Keeps the Doctor Away",
    [
      "Health Care Privacy - Part 1",
      "Health Care Privacy - Part 2",
      "Health Care Privacy - Part 3",
      "Health Care Privacy - Part 4",
      "Health Care Privacy - Part 5",
      "Health Care Privacy - Part 6",
      "Private Clinic"
    ],
    "Disease History",
    ["Colleagues - Part 1", "Colleagues - Part 2", "Colleagues - Part 3"],
    "Drug Trafficking",
    "Shipment Tracking",
    "Urban Medicine",
    "Ambulances Again",
    ["Pets Wont Need It - Part 1", "Pets Wont Need It - Part 2"],
    "Quality Standard",
    "Decontamination Service",
    "Athlete",
    "Beneath The Streets",
    "Crisis"
  ],
  "SKIER": [
    "Exit Here",
    "Golden Swag",
    "Killer Argument",
    "Serious Allegations",
    "The Extortionist",
    "Private Club",
    "Burning Rubber",
    "The Walls Have Eyes",
    "Whats on the Flash Drive",
    "Supplier",
    [
      "Chemical - Part 1",
      "Chemical - Part 2",
      "Chemical - Part 3",
      "Chemical - Part 4"
    ],
    "Irresistible",
    "Minute of Fame",
    ["Thirsty - Breadwinner", "Thirsty - Delivery"],
    "Easy Money - Part 1",
    "The Higher They Fly",
    "Stirrup",
    "Informed Means Armed",
    "Missing Cargo",
    "Friend From the West - Part 1",
    "Safe Corridor",
    "Rigged Game",
    "Proper Comeback",
    ["Vitamins - Part 1", "Vitamins - Part 2"],
    "Hindsight 2020",
    "Long Road",
    "Lend-Lease - Part 1",
    ["House Arrest - Part 1", "House Arrest - Part 2"],
    "No Swiping",
    "Chumming",
    "Silent Caliber",
    "Bullshit",
    "Debtor",
    "Setup",
    "Key Partner",
    ["Beyond the Red Meat - Part 1", "Beyond the Red Meat - Part 2"],
    "Dangerous Props",
    "Route Deviation",
    "Flint",
    "Pyramid Scheme",
    "Choose Your Friends Wisely",
    "Night Sweep",
    "Connections Up North"
  ],
  "PEACEKEEPER": [
    "Fishing Gear",
    ["The Cult - Part 1", "The Cult - Part 2", "The Cleaner"],
    "Tigr Safari",
    "Scrap Metal",
    "Classified Technologies",
    "One Less Loose End",
    "Eagle Eye",
    [
      "Spa Tour - Part 1",
      "Spa Tour - Part 2",
      "Spa Tour - Part 3",
      "Spa Tour - Part 4",
      "Spa Tour - Part 5",
      "Spa Tour - Part 6",
      "Spa Tour - Part 7",
      "Worst Job in the World"
    ],
    "Overpopulation",
    "Humanitarian Supplies",
    [
      "Cargo X - Part 1",
      "Cargo X - Part 2",
      "Cargo X - Part 3",
      "Cargo X - Part 4"
    ],
    "Insomnia",
    [
      "Revision - Reserve",
      "Revision - Lighthouse",
      "Revision - Streets of Tarkov"
    ],
    "Your Car Needs a Service",
    [
      "Wet Job - Part 1",
      "Wet Job - Part 2",
      "Wet Job - Part 3",
      "Wet Job - Part 4",
      "Wet Job - Part 5",
      "Wet Job - Part 6"
    ],
    "Seizing the Initiative",
    "Samples",
    "TerraGroup Employee",
    "Peacekeeping Mission",
    "New Day New Paths",
    "Road Closed",
    "Counteraction",
    "Special Equipment",
    "Trophies"
  ],
  "MECHANIC": [
    "Steady Signal",
    "Airmail",
    "Passion for Ergonomics",
    [
      "Gunsmith - Part 1",
      "Gunsmith - Part 2",
      "Gunsmith - Part 3",
      "Gunsmith - Part 4",
      "Gunsmith - Part 5",
      "Gunsmith - Part 6",
      "Gunsmith - Part 7",
      "Gunsmith - Part 8",
      "Gunsmith - Part 9",
      "Gunsmith - Part 10",
      "Gunsmith - Part 11",
      "Gunsmith - Part 12",
      "Gunsmith - Part 13",
      "Gunsmith - Part 14",
      "Gunsmith - Part 15",
      "Gunsmith - Part 16",
      "Gunsmith - Part 17",
      "Gunsmith - Part 18",
      "Gunsmith - Part 19",
      "Gunsmith - Part 20",
      "Gunsmith - Part 21",
      "Gunsmith - Part 22",
      "Gunsmith - Part 23",
      "Gunsmith - Part 24",
      "Gunsmith - Part 25",
      "Gunsmith - Old Friends Request"
    ],
    ["Saving the Mole", "Bad Habit"],
    "Secrets of Polikhim",
    [
      "Farming - Part 1",
      "Farming - Part 2",
      "Farming - Part 3",
      "Farming - Part 4"
    ],
    [
      "Signal - Part 1",
      "Signal - Part 2",
      "Signal - Part 3",
      "Signal - Part 4",
      "Import"
    ],
    "Black Swan",
    "Capacity Check",
    [
      "Forklift Certified",
      "A Shooter Born in Heaven",
      "Psycho Sniper",
      "Calibration"
    ],
    [
      "Insider",
      "Network Provider - Part 1",
      "Network Provider - Part 2",
      "Assessment - Part 1",
      "Assessment - Part 2",
      "Assessment - Part 3",
      "Key to the Tower",
      "Knock-Knock",
      "Getting Acquainted",
      "Top Secret"
    ],
    "Scout",
    "Fertilizers",
    ["Broadcast - Part 1", "Camera Action", "Broadcast - Part 2"],
    "Energy Crisis",
    "Chemistry Closet",
    "Back Door",
    "Surveillance",
    "Surplus Goods",
    "Corporate Secrets",
    ["Developers Secrets - Part 1", "Developers Secrets - Part 2"],
    "The Door",
    "The Courier"
  ],
  "RAGMAN": [
    "Nothing Fishy About This",
    "Another Shipping Delay",
    "Big Sale",
    "Ballet Lover",
    "Audit",
    "A Fuel Matter",
    [
      "The Blood of War - Part 1",
      "The Blood of War - Part 2",
      "The Blood of War - Part 3"
    ],
    "Gratitude",
    "Sales Night",
    "Hot Delivery",
    "Minibus",
    "Make ULTRA Great Again",
    "Dressed to Kill",
    "Stabilize Business",
    "Long Line",
    [
      "Sew it Good - Part 1",
      "Sew it Good - Part 2",
      "Sew it Good - Part 3",
      "Sew it Good - Part 4"
    ],
    ["Database - Part 1", "Database - Part 2", "Old Patterns"],
    "Audiophile",
    "No Fuss Needed",
    "Supervisor",
    [
      "Living High is Not a Crime - Part 1",
      "Living High is Not a Crime - Part 2"
    ],
    "Break the Deal",
    "Inventory Check",
    "Scavenger",
    "The Invisible Hand",
    "Circulate",
    "Dandies",
    ["Textile - Part 1", "Textile - Part 2"],
    "Booze",
    "Combat Proven",
    "Key to the City",
    "Special Offer",
    ["Drip-Out - Part 1", "Drip-Out - Part 2"],
    "Know Your Place",
    "The Key to Success",
    "Charisma Brings Success"
  ],
  "JAEGER": [
    "The Hermit",
    "Courtesy Visit",
    [
      "The Survivalist Path - Unprotected but Dangerous",
      "The Survivalist Path - Thrifty",
      "The Survivalist Path - Zhivchik",
      "The Survivalist Path - Wounded Beast",
      "The Survivalist Path - Tough Guy",
      "The Survivalist Path - Cold Blooded",
      "The Survivalist Path - Eagle-Owl",
      "The Survivalist Path - Combat Medic",
      "The Survivalist Path - Junkie"
    ],
    ["Nostalgia", "Slaughterhouse"],
    ["Rough Tarkov", "Every Hunter Knows This", "Stray Dogs", "Hunter"],
    "Pest Control",
    "Acquaintance",
    "Work Smarter",
    [
      "The Tarkov Shooter - Part 1",
      "The Tarkov Shooter - Part 2",
      "The Tarkov Shooter - Part 3",
      "The Tarkov Shooter - Part 4",
      "The Tarkov Shooter - Part 5",
      "The Tarkov Shooter - Part 6",
      "The Tarkov Shooter - Part 7",
      "The Tarkov Shooter - Part 8"
    ],
    "Hunting Trip",
    "Ambulance",
    "Reserve",
    "Thirsty - Hounds",
    "Foresters Duty",
    "Shady Business",
    "Fishing Place",
    [
      "The Huntsman Path - Secured Perimeter",
      "The Huntsman Path - Trophy",
      "The Huntsman Path - Forest Cleaning",
      "The Huntsman Path - Sellout",
      "The Huntsman Path - Woods Keeper",
      "The Huntsman Path - Justice",
      "The Huntsman Path - Evil Watchman",
      "The Huntsman Path - Sadist",
      "The Huntsman Path - Factory Chief",
      "The Huntsman Path - Relentless",
      "The Huntsman Path - Outcasts",
      "The Huntsman Path - Administrator",
      "The Huntsman Path - Eraser - Part 1",
      "The Huntsman Path - Eraser - Part 2",
      "The Huntsman Path - Controller",
      "The Huntsman Path - Big Game",
      "The Huntsman Path - Crooked Cop"
    ],
    "Swift One",
    "Rite of Passage",
    "Cease Fire",
    "The Delicious Sausage",
    "Claustrophobia",
    ["Broadcast - Part 3", "Broadcast - Part 4", "Broadcast - Part 5"],
    "Dragnet"
  ],
  "FENCE": [
    ["Compensation for Damage - Trust", "Compensation for Damage - Wager"],
    "Friend Among Strangers",
    "Immunity",
    "Is This a Reference",
    [
      "Small Business - Part 1",
      "Small Business - Part 2",
      "Small Business - Part 3"
    ],
    "The Choice",
    "Collector"
  ],
  "LIGHTHOUSEKEEPER": [
    "Simple Side Job",
    "Information Source",
    "Order From Outside",
    "Missing Informant",
    "Trouble in the Big City",
    "Payback",
    "Provocation",
    "Following the Bread Crumbs",
    "Spotter",
    "Snatch",
    "Make an Impression"
  ],
  "REF": [
    "Surprise",
    "Balancing - Part 1",
    "Balancing - Part 2",
    "Create a Distraction - Part 1",
    "Create a Distraction - Part 2"
  ],
  "BTR": [
    "Swift Retribution",
    "Building Foundations",
    "Protect the Sky",
    "Discombobulate",
    "Ask for Directions",
    "Hot Wheels",
    "Hot Wheels - Lets Try Again",
    "Natural Exchange",
    "Inevitable Response",
    "Battery Change",
    "The Price of Independence"
  ]
}
